Company_name,CEO_name
JPMorgan Chase,Jamie Dimon
Berkshire Hathaway,Warren Edward Buffett
Saudi Arabian Oil Company (Saudi Aramco),Amin bin Hasan Al-Nasser
ICBC,Wang Jingwu
Bank of America,Brian T. Moynihan
Amazon,Andrew R. Jassy
China Construction Bank,Zhang Jianguo
Microsoft,Satya Nadella
Agricultural Bank of China,Shu Gu
Alphabet,Sundar Pichai
Toyota Motor,Koji Sato
Apple,Tim Cook
Bank of China,Liange LIU
ExxonMobil,Darren W. Woods
HSBC Holdings,Noel Paul Quinn
Wells Fargo,Charlie Scharf
Shell,Wael Sawan
PetroChina,Yi Lin Wang
UnitedHealth Group,Andrew Philip Witty
Walmart,C. Douglas McMillon
Samsung Electronics,Jong-Hee Han
Chevron,Michael K. Wirth
Goldman Sachs Group,David Michael Solomon
Meta Platforms,Mark Elliot Zuckerberg
TotalEnergies,Patrick Pouyanné
Morgan Stanley,Edward N. Pick
RBC,David Ian McKay
Citigroup,Jane Nind Fraser
Ping An Insurance Group,
China Mobile,Biao He
Allianz,Oliver Bäte
BNP Paribas,Jean-Laurent Bonnafé
Verizon Communications,Hans Erik Vestberg
China Merchants Bank,Liang Wang
UBS,Sergio P. Ermotti
Santander,Héctor Grisi Checa
AT&T,John T. Stankey
Tencent Holdings,Hua Teng Ma
Mitsubishi UFJ Financial,Hironori Kamezawa
Comcast,Brian L. Roberts
Alibaba Group,Yong Ming Eddie
Sinopec,
Volkswagen Group,Oliver Ingo Blume
TD Bank Group,Bharat B. Masrani
Johnson & Johnson,Joaquin Duato
Taiwan Semiconductor,Che Chia Wei
BP,Murray Auchincloss
LVMH Moët Hennessy Louis Vuitton,Bernard Arnault
Reliance Industries,Mukesh Dhirubhai Ambani
Nestlé,Ulf Mark Schneider
AXA Group,Thomas Buberl
Mercedes-Benz Group,Ola Källenius
American Express,Stephen J. Squeri
Petrobras,Magda Chambriard
State Bank of India,Dinesh Kumar Khara
Bank of Communications,Ren Deqi
Postal Savings Bank Of China (PSBC),Jianjun Liu
Tesla,Elon Reeve Musk
Procter & Gamble,Jon R. Moeller
Stellantis,Carlos Tavares
BMW Group,Oliver Zipse
Deutsche Telekom,Timotheus Höttges
Sumitomo Mitsui Financial,Akihiro Fukutome
CVS Health,Karen S. Lynch
HDFC Bank,Sashidhar Jagdishan
BBVA-Banco Bilbao Vizcaya,Onur Genç
Sony,Kenichiro Yoshida
Commonwealth Bank,Matthew Comyn
Life Insurance Corp. of India,
General Motors,Mary Teresa Barra
Nippon Telegraph & Tel,Jun Sawada
Credit Agricole,Philippe Brassac
Broadcom,Hock E. Tan
PepsiCo,Ramon Luis Laguarta
The Home Depot,Ted Decker
Oracle,Safra Ada
Mitsubishi,Katsuya Nakanishi
Roche Holding,Thomas Schinecker
Equinor,Anders Opedal
Elevance Health,Gail Koziara Boudreaux
CNOOC,Xin Huai Zhou
Industrial Bank,Xin Jian Chen
Intesa Sanpaolo Assicura,Carlo Messina
IBM,Arvind Krishna
Chubb,Evan G. Greenberg
Itaú Unibanco Holding,Milton Maluhy Filho
Anheuser-Busch InBev,Michel Dimitrios Doukeris
AbbVie,Richard A. Gonzalez
Cisco Systems,Charles H. Robbins
Honda Motor,Toshihiro Mibe
Bank of Nova Scotia,Lawren Scott Thomson
Hyundai Motor,Jae Hoon Chang
Enel,Flavio Cattaneo
Cigna,David Michael Cordani
Costco Wholesale,Roland M. Vachris
Munich Re,Joachim Wenning
Zurich Insurance Group,Mario Greco
Novartis,Vasant Narasimhan
Coca-Cola,James Quincey
GE Aerospace,H. Lawrence Culp
Caterpillar,Donald James Umpleby
John Deere,John C. May
Bank of Montreal,Darryl White
Mizuho Financial,Masahiro Kihara
AIRBUS,Guillaume Faury
Intel,Patrick P. Gelsinger
Mitsui,Kenichi Hori
ConocoPhillips,Ryan M. Lance
China State Construction Engineering,
NVIDIA,Jensen Huang
Rio Tinto,Jakob Stausholm
CITIC,Zhen Ming Chang
RTX,Christopher T. Calio
Glencore International,Gary Nagle
BHP Group,Mike Henry
China Life Insurance,Ming Guang Li
US Bancorp,Andrew J. Cecere
Hon Hai Precision,
Iberdrola,Armando Martínez Martínez
AstraZeneca,Pascal Soriot
Sanofi,Paul Hudson
Unilever,Hein Schumacher
Ford Motor,James Duncan Farley
Capital One,Richard D. Fairbank
NAB - National Australia Bank,Andrew Irvine
Apollo Global Management,Marc Jeffrey Rowan
Visa,Ryan McInerney
UniCredit,Andrea Orcel
Contemporary Amperex Technology,Yu Qun Ceng
American International Group,Peter S. Zaffino
ANZ Group Holdings,Shayne Cary Elliott
VINCI,Xavier Huillard
China Citic Bank,He Ying Fang
Thermo Fisher Scientific,Marc N. Casper
Charles Schwab,Walter William Bettinger
Progressive,Susan Patricia Griffith
DBS,Piyush Gupta
Marathon Petroleum,Michael J. Hennigan
PNC Financial Services,William Stanton Demchak
Generali Group,Philippe Donnet
ICICI Bank,Sandeep Bakhshi
Itochu,Masahiro Okafuji
Westpac Banking Group,Peter Francis King
United Parcel Service,Carol B. Tomé
Deutsche Bank,Christian Sewing
Canadian Imperial Bank,Victor Dodig
China Shenhua Energy,Zhi Ren Lv
Tokio Marine Holdings,Satoru Komiya
NextEra Energy,John W. Ketchum
Eni,Claudio Descalzi
BYD,Chuan Fu Wang
ING Group,Steven van Rijswijk
Lloyds Banking Group,Charles Alan Nunn
Walt Disney,Robert A. Iger
Phillips 66,Mark E. Lashier
MetLife,Michel A. Khalaf
Salesforce,Marc Russell Benioff
Shanghai Pudong Development,Guo Fu Gao
Banco do Brasil,Tarciana Paula Gomes Medeiros
AIA Group,Yuan Xiang Li
Merck & Co.,Robert M. Davis
Abbott Laboratories,Robert B. Ford
China Telecom,Rui Wen Ke
Dell Technologies,
Barclays,CS Venkatakrishnan
Linde,Sanjiv Lamba
FedEx,Rajesh Subramaniam
Hitachi,Keiji Kojima
Accenture,Julie Spellman Sweet
Lockheed Martin,Jim Taiclet
L'Oréal,Nicolas Hieronimus
Nordea Bank,Frank Vang-Jensen
Eli Lilly,David A. Ricks
KKR,
Philip Morris International,Jacek Olczak
NatWest Group,John Paul Thwaite
Valero Energy,R. Lane Riggs
Enbridge,Gregory Lorne Ebel
JD.com,Sandy Xu
Bank of New York Mellon,Robin Antony Vince
Vale,Eduardo De Salles Bartolomeo
GSK,Emma N. Walmsley
Prudential Financial,Charles Frederick Lowrey
Lowe's,Marvin R. Ellison
Honeywell International,Vimal M. Kapur
McKesson,Brian Scott Tyler
Duke Energy,Lynn J. Good
Qualcomm,Cristiano R. Amon
HCA Healthcare,Samuel N. Hazen
Medtronic,Geoffrey Straub Martha
Amgen,Robert A. Bradway
ENGIE,Catherine MacGregor
Southern Company,Christopher C. Womack
CaixaBank,Gonzalo Gortázar Rotaeche
Manulife,Roy Gori
Danaher,Rainer M.
Mondelez International,Dirk van van de Put
Schneider Electric,Peter Walter Herweck
Target,Brian C. Cornell
Deutsche Post,Tobias Meyer
KDDI,Makoto Takahashi
National Grid,John Mark Pettigrew
Midea Group,Hong Bo Fang
Novo Nordisk,Lars Fruergaard Jørgensen
Oil & Natural Gas,Arun Kumar Singh
América Móvil,Daniel Hajj Aboumrad
BlackRock,Larry Fink
PDD Holdings,
PICC,Ting Ke Wang
Netflix,Greg Peters Ted Sarandos
Brookfield Corporation,Bruce Flatt
Qatar National Bank,Abdulla Mubarak Nasser
International Holding Company,
Travelers,Alan D. Schnitzer
Volvo Group,Martin Lundstedt
Union Pacific,V. James Vena
Oversea-Chinese Banking,Pik Kuen Wong
Swiss Re,Christian Mumenthaler PhD
China Pacific Insurance,Candy Yuen
McDonald's,Christopher J. Kempczinski
Banco Bradesco,Marcelo de Araújo Noronha
Centene,Sarah McGinty London
PayPal,James Alexander Chriss
Japan Post Holdings,Hiroya Masuda
Standard Chartered,Bill Winters
China Everbright Bank,Zhi Heng Wang
Suncor Energy,Rich Kruger
SAP,Christian Klein
Mastercard,Michael E. Miebach
The Saudi National Bank,Talal Ahmed Al-Khereiji
China Resources Land,Yong Tang
Delta Air Lines,Edward Herman Bastian
KIA,Ho-Sung Song
ASML Holding,Christophe D. Fouquet
General Dynamics,Phebe N. Novakovic
Daimler Truck Holding,Martin Daum
Nike,John J. Donahoe
United Overseas Bank,Yi Zong Huang
KBC Group,Johan Thijs
First Abu Dhabi Bank,Hana Al-Rostamani
PTT,
Canadian Natural Resources,
Aflac,Daniel P. Amos
Dai-ichi Life Insurance,Seiji Inagaki
Occidental Petroleum,Vicki A. Hollub
China Minsheng Bank,Yingxin Gao
Société Générale,Slawomir Krupa
KB Financial Group,Jong-Hee Yang
Inditex,Oscar García Maceiras
Al Rajhi Bank,Walid bin Abdullah Ali Al-Moqbel
MS&AD Insurance,Noriyuki Hara
Air Liquide,François Jackow
Fiserv,Frank J. Bisignano
China Railway Group,Chen Wenjian
Orange,Christel Heydemann
Safran,Olivier Andriès
Indian Oil,Sanjiv Singh
Emirates NBD,Shayne Kieth Nelson
EssilorLuxottica,Francesco Milleri
Cencora,Steven H. Collis
SLB,Olivier Le Peuch
Saint-Gobain,Benoît Bazin
Danske Bank,Carsten Rasch Egeriis
Macquarie Group,Shemara Wikramanayake
Zijin Mining Group,Jing He Chen
TJX Cos,Ernie L. Herrman
Banorte,Jose Marcos Ramírez Miguel
Kweichow Moutai,Li Wang
Fubon Financial,Yue Ting Han
SAIC Motor,
Automatic Data Processing,Maria Black
Kraft Heinz Company,Carlos Arturo Abrams-Rivera
Holcim,Miljan Gutovic
ABB,Björn Klas Otto
EOG Resources,Ezra Y. Yacob
Applied Materials,Gary E. Dickerson
E.ON,Leonhard Birnbaum
Denso,Shinnosuke Hayashi
DNB Bank,Kjerstin Elisabeth Braathen
Archer Daniels Midland,Juan Ricardo Luciano
Marsh & McLennan,John Q. Doyle
Tata Motors,Günter Karl Butschek
Sumitomo,Shingo Ueno
Paccar,Preston R. Feight
Fairfax Financial,Prem Watsa CFA
PG&E,Patricia K. Poppe
SEB AB,Johan Torgeby
Allstate,Tom Wilson
Kroger,W. Rodney McMullen
Erste Group Bank,Willibald Cernko
Axis Bank,Amitabh Chaudhry
Humana,Bruce Dale Broussard
Ameriprise Financial,Jim Cracchiolo
Marubeni,Masumi Kakinoki
Bank Of Jiangsu,Ming Ji
CRH,Albert Jude Manifold
China Unicom,Zhong Yue Chen
Sun Life Financial,Kevin David Strain
American Electric,Benjamin G. S. Fowke
Banco Btg Pactual,Roberto Balls Sallouti
Northrop Grumman,Kathy J. Warden
Shinhan Financial Group,Ok-Dong Jin
Couche Tard,Brian P. Hannasch
Xiaomi,Jun Lei
CK Hutchison,Tzar Kuoi Li
Koç Holding,Levent Çakiroglu
"Merck KGaA, Darmstadt, Germany and its affiliates",Belén Garijo López
Commerzbank,Manfred Knof
Meituan,Xing Wang
Seven & I Holdings,
Diageo,Debra Ann Crew
Eaton,Craig Arnold
Cathay Financial,Zhang Geng Li
Ecopetrol,Ricardo Roa Barragán
Talanx,Torsten Leue
Starbucks,Kevin Johnson
Altria Group,William F. Gifford
Exelon,Calvin G. Butler
D.R. Horton,Paul J. Romanowski
National Bank of Canada,Laurent Ferreira
Discover Financial Services,J. Michael Shepherd
Nippon Steel,Eiji Hashimoto
Royal Ahold Delhaize N.V.,Frans Willem Henri
Lennar,Rick Beckwitt Jon Jaffe
Stryker,Kevin A. Lobo
Huaxia Bank,Jian Hua Zhang
Power Corp of Canada,Robert Jeffrey Orr
Repsol,Josu Jon Imaz San Miguel
Bank of Ningbo,Meng Bo Luo
Gree Electric Appliances,Ming Zhu Dong
Cenovus Energy,Jonathan M. McKenzie
Texas Instruments,Haviv Ilan
RWE Group,Markus Krebber
Constellation Energy,
Møller-Maersk,Vincent Clerc
Renault,Luca de Meo
Nissan Motor,Luca de Meo
Panasonic,Yuki Kusumi
Advanced Micro Devices,Lisa T. Su
Hartford Financial Services,Christopher J. Swift
Adobe,Shantanu Narayen
Sompo,Mikio Okumura
Uber,Dara Khosrowshahi
Bank of Beijing,Yan Bingzhu
Vodafone,Margherita della Valle
China Railway Construction,Shao Jun Huang
Poly Developments & Holdings Group,Dong Li Zhou
Japan Tobacco,Masamichi Terabatake
Freeport-McMoRan,Richard C. Adkerson
Fannie Mae,Priscilla Almodovar
Nucor,Leon J. Topalian
Booking Holdings,Glenn D. Fogel
Canadian National Railway,Tracy A. Robinson
Corebridge Financial,
Tesco,Ken Murphy
United Airlines Holdings,J. Scott Kirby
BAE Systems,Charles Nicolas Woodburn
HP,Enrique Lores
S&P Global,Douglas L. Peterson
Cosco Shipping,Wei Dong Tao
Freddie Mac,Michael Thomas Hutchins
Sempra,Jeffrey Walker Martin
China Communications Construction,Qi Tao Liu
Kering,François Jean Henri Pinault
State Street,Ron O'Hanley
Saudi Telecom,Olayan Mohammed Al-Wetaid
China Yangtze Power,Xing Liao Zhang
NTPC,Gurdeep Singh
Bank Mandiri,Darmawan Junaidi
Aviva,Amanda Blanc
Swedbank,Jens Olof Henriksson
Baidu,Yan Hong Li
First Citizens Bank (NC),Frank B. Holding
Svenska Handelsbanken,Michael Green
Orix,Makoto Inoue
Dow,Jim Fitterling
IntercontinentalExchange,Jeffrey Craig Sprecher
Power Construction Corporation of China,Bin Wang
Toyota Tsusho,Ichiro Kashitani
Takeda Pharmaceutical,Christophe Weber
Poste Italiane,Matteo del Fante
Mitsubishi Electric,Kei Uruma
Citic Securities,Federico Bazzoni
Haier Smart Home,Hua Gang Li
Kinder Morgan,Kimberly Allen Dang
Toyota Industries,Koichi Ito
Rolls-Royce Holdings,Tufan Ergin-Bilgic
Fortescue Metals Group,Dino Otranto
Waste Management,Kathleen M Mazzarella
Cheniere Energy,Jack A. Fusco
TAQA,
CSX,Joseph R. Hinrichs
Johnson Controls International,George R. Oliver
Larsen & Toubro,Sekharipuram Narayan Subrahmanyan
Femsa,José Antonio Fernández Carbajal
Dominion Energy,Robert M. Blue
LyondellBasell Industries,Peter Vanacker
Shin-Etsu Chemical,Chihiro Kanagawa
Investor AB,Ulf Christian Cederholm
M&T Bank,René F. Jones
ORLEN Spolka Akcyjna,Ireneusz Fafara
Arch Capital Group,Marc Grandisson
Synchrony Financial,Brian D. Doubles
Fifth Third Bank,Timothy N. Spence
Becton Dickinson,Thomas E. Polen
ENEOS Holdings,Tomohide Miyata
Hana Financial Group,Young-Joo Ham
Posco,In-Hwa Chang
Tata Consultancy Services,Krithivasan. K. Krithivasan
Schweizerische Nationalbank,
Prologis,Hamid R. Moghadam
Wanhua Chemical Group,Guang Wu Kou
Oneok,Pierce H. Norton
Analog Devices,Vincent T. Roche
Parker-Hannifin,Jennifer A. Parmentier
Baoshan Iron & Steel,Xiao Di Wu
ArcelorMittal,Aditya Mittal
Nomura,Kentaro Okuda
Bank Of Shanghai,Youlian Hu
American Tower,Steven O. Vondran
Hewlett Packard Enterprise,Antonio Fabio Neri
Marriott International,Anthony G. Capuano
Regeneron Pharmaceuticals,Leonard S. Schleifer
Intuit,Sasan K. Goodarzi
Sysco,Kevin P. Hourican
Daikin Industries,Masanori Togawa
Veolia Environnement,Estelle Karine Brachlianoff
Bridgestone,Shuichi Ishibashi
Cummins,Jennifer W. Rumsey
Komatsu,Hiroyuki Ogawa
Pfizer,Albert Bourla
CSL,Paul McKenzie
Keurig Dr Pepper,Timothy P. Cofer
Canadian Pacific Kansas City,Keith Edward Creel
Bank of Baroda,Debadatta Chand
CTBC Financial Holding,Jia-Wen Chen
Kotak Mahindra Bank,Ashok Valiram Vaswani
TC Energy,Francois L. Poirier
Carrier Global,David L. Gitlin
Aon,Gregory C. Case
Hermès International,
Mitsubishi Heavy Industries,Seiji Izumisawa
Infineon Technologies,Jochen Hanebeck
Heineken,Jean-François M. L. van Boxmeer
Boeing,David L. Calhoun
Grupo Mexico,Germán Larrea Mota-Velasco
London Stock Exchange,David Adam Schwimmer
Sherwin-Williams,Heidi G. Petz
Dollar General,Todd J. Vasos
Baker Hughes Company,Lorenzo Simonelli
CRRC,Yong Cai Sun
Bank Central Asia,Jahja Setiaatmadja
Boston Scientific,Michael F. Mahoney
Naturgy Energy Group,Francisco Miguel Reynés Massanet
Saudi Electricity,
Softbank,Masayoshi Son
Wilmar International,Khoon Hong Kuok
China Vanke,Jiu Sheng Zhu
Maybank,Khairussaleh Ramli
Hyundai Mobis,Eui-Sun Chung
General Mills,Jeff Harmening Harmening
Canon,Fujio Mitarai
Consolidated Edison,Timothy P. Cawley
Kansai Electric Power,", Ryoichi Nagata"
Danone,Antoine Bernard de Saint-Affrique
BT Group,Allison Kirkby
Bharti Airtel,Gopal Vittal
Etisalat,Hatem Mohamed Galal Ahmed Dowidar
OMV Group,Alfred Stern
Fast Retailing,Tadashi Yanai
Carrefour,Alexandre Bompard
NetEase,Lei Ding
Compass Group,Dominic Blakemore
Principal Financial Group,Daniel Joseph Houston
BCE,Mirko Bibic
Prudential,Anil Wadhwani
Suzuki Motor,Toshihiro Suzuki
FirstRand,Mary Vilakazi
Sun Hung Kai Properties,Ping Luen Kwok
Recruit Holdings,Hisayuki Idekoba
Williams,Alan S. Armstrong
Xcel Energy,Robert C. Frenzel
Coal India,PM Prasad
Kuwait Finance House,Abdulwahab Essa Abdulwahab Al-Rushoud
Raymond James Financial,Paul C. Reilly
Reckitt Benckiser Group,Kris Licht
China Coal Energy,Yan Jiang Li
Samsung C&T,"Keum-Yong Chung, Jung-Suk Koh"
Longfor Group Holdings,Xu Ping Chen
Blackstone,Stephen Allen Schwarzman
Daiwa House Industry,Keiichi Yoshii
Shaanxi Coal Industry,Shi Bin Wang
China Merchants Shekou Industrial Zone Holdings,
Mitsui Fudosan,Takashi Ueda
Henkel,Carsten Knobel
Imperial Brands,Stefan Bomhard
Truist Financial,Bill Rogers
L3Harris Technologies,Chris Kubasik
Woodside Energy Group,Marguerite Eileen O’Neill
Capgemini,Aiman Ezzat
NN Group,David Knibbe
Legal & General Group,Antonio Pedro Dos Santos Simoes
Republic Services,Jon Vander Ark
Halliburton,Jeffrey Allen Miller
Bouygues,Olivier Roussat
Pernod Ricard,Alexandre Ricard
Bristol Myers Squibb,Christopher S. Boerner
Coca-Cola Europacific Partners,Damian Paul Gammell
Yankuang Energy Group,Yao Meng Xiao
Markel,Thomas Sinnickson Gayner
Huntington Bank,Stephen D. Steinour
Tokyo Electric Power,Takashi Kawamura
CME Group,Terrence A. Duffy
STMicroelectronics,Jean-Marc Chery
Swiss Life Holding,Matthias Aellig
Edison International,Pedro J. Pizarro
GE HealthCare Technologies,Peter J. Arduini
Thales,Patrice Caine
Canara Bank,K. Satyanarayana Raju
Isbank,Hakan Aran MBA
Nutrien,Kenneth A. Seitz
British American Tobacco,Tadeu Luiz Marroco
East Japan Railway,
Central Japan Railway,Kouei Tsuge
Bank of Nanjing,Sheng Rong Hu
TE Connectivity,Terrence R. Curtin
Power Finance,Parminder Chopra
Royal Caribbean Group,Jason T. Liberty
HeidelbergCement,Ralph Dominik von Achten
AirBnB,Brian Chesky
Bharat Petroleum,Krishnakumar Gopalan
LG Chem,Hak Cheol Shin
Turkish Airlines,Bilal Eksi
Wuliangye Yibin,Wen Ge Jiang
Subaru Corporation,Tomomi Nakamura
Weichai Power,De Cheng Wang
Luxshare Precision Industry,Lai Chun Wang
Atlas Copco,Vagner Rego
United Rentals,Matthew John Flannery
CNH Industrial,Scott Wellington Wine
Loews,James S. Tisch
Entergy,Andrew S. Marsh
Quanta Computer,
BASF,Markus Kamieth
NXP Semiconductors,Kurt Sievers
Lam Research,Timothy M. Archer
Vertex Pharmaceuticals,Reshma Kewalramani
Citizens Financial Group,Bruce Winfield van Saun
Xiamen C&D,Mao Lin
S.F. Holding,Wei Wang
Norfolk Southern,Alan H. Shaw
Deutsche Boerse,Theodor Weimer
Intact Financial,Charles J. G.
Fujifilm Holdings,Teiichi Goto
Everest Re Group,Juan C. Andrade
OTP Bank,Sándor Csányi
Trane Technologies,Dave S. Regnery
Inpex,Naoki Kuroda
Wesfarmers,Robert Scott
Colgate-Palmolive,Noel R. Wallace
Samsung Life Insurance,Won-Hak Hong
Haleon,
Infosys,Salil S. Parekh
Devon Energy,Richard E. Muncrief
Punjab National Bank,Atul Kumar Goel
Publicis Groupe,Arthur Sadoun
MediaTek,
SK Hynix,Noh-Jung Kwak
Gilead Sciences,Daniel P. O'Day
Union Bank of India,Arumugam Manimekhalai
Abu Dhabi Commercial Bank,Ala'a Mohamed Atta Eraiqat
Gallagher,Patrick J. Gallagher
International Airlines,Luís Gallego Martín
Fujitsu,Takahito Tokita
Public Service Enterprise Group,Ralph A. LaRossa
Aptiv,Kevin P. Clark
Bayer,William N. Anderson
China Zheshang Bank,Ren Kang Shen
George Weston,Galen G. Weston
Cardinal Health,Jason M. Hollar
Kubota,
Regions Financial,John M. Turner
Bunge,Gregory A. Heckman
Equitable Holdings,Mark Pearson
China National Nuclear Power,Zheng Yu Zou
Bajaj Finserv,Sanjivnayan Rahul K. Bajaj
Mahindra & Mahindra,Anish Dilip Shah
Nintendo,Shuntaro Furukawa
Kenvue,
National Bank of Kuwait,
Barrick Gold,Dennis Mark Bristow
Coinbase,Brian Armstrong
Ecolab,Christophe Beck
AutoZone,Philip B. Daniele
Illinois Tool Works,Christopher A. O'Herlihy
DSV,Jens Hesselberg Lund
Standard Bank Group,Simpiwe Kenneth Tshabalala
Associated British Foods,George Garfield Weston
Lenovo Group,Yuan Qing Yang
Northern Trust,Michael G. O'Grady
Reinsurance Group of America,Tony Cheng
Nokia,Pekka Ilmari Lundmark
PKO Bank Polski,Szymon Midera
Ferguson,Kevin M. Murphy
Grupa PZU,Artur Olech
IQVIA,Ari Bousbib
Woori Financial Group,Jong-Yong Yim
Edp-energias De Portugal,Miguel Stilwell de Andrade
Hess,John B. Hess
Naspers,Ervin Tu
Swire Pacific,Merlin Bingham Swire
Kimberly-Clark,Michael D. Hsu
China Tower Corp.,Li Chen
SingTel,Kuan Moon Yuen
Chubu Electric Power,Akihisa Mizuno
CMOC Group,Rui Wen Sun
Hengli Petrochemical,Zhi Qing Wang
QBE Insurance Group,Andrew Horton
Riyad Bank,Nadir Sami Al-Koraya
Sinopharm Group,Zhi Ming Li
Telefónica,José María Álvarez-Pallete López
Telstra,Vicki Maree Brady
Cognizant,Ravi Kumar Singisetti
3M,Bill Brown
Industrial Bank of Korea,Jong-Won Yoon
NRG Energy,Lawrence Stephen Coben
CBRE Group,Robert E. Sulentic
Tokyo Electron,Toshiki Kawai
Metallurgical Corp of China,Bongani Nqwababa
Bank Of Hangzhou,Zhen Shan Chen
CEZ Group,Daniel Beneš
Micron Technology,Sanjay Mehrotra
China Energy Engineering,Hong Shui Sun
AerCap Holdings,Aengus Kelly
CGN Power,Li Gang Gao
Swisscom,Christoph Aeschlimann
Diamondback Energy,Travis D. Stice
New China Life Insurance,Quan Li
JSW Steel,Jayant Acharya
RELX,Erik Niklas Engstrom
Raiffeisen Bank International,Johann Strobl
Asahi Group Holdings,Atsushi Katsuki
Bank Leumi,Chanan Friedman
DTE Energy,Jerry Norcia
Centrica,Christopher O’Shea
Nu Holdings,David Vélez Osorno
Albertsons,Vivek Sankaran
Ally Financial,Michael George Rhodes
Anglo American,Duncan Graham Wanblad
GD Power Development,Yan Bing Jia
FirstEnergy,Brian X. Tierney
PPG,Timothy M. Knavish
Bank Hapoalim,Dov Kotler
Tenet Healthcare,Saumya Sutaria
Ross Stores,Barbara Rentler
Global Payments,Cameron M. Bready
MercadoLibre,Marcos Eduardo Galperin
Anhui Conch Cement,Qun Feng
Deutsche Lufthansa,Carsten Spohr
Akbank,Cenk Kaan Gür
Inner Mongolia Yili,
Teck Resources,Jonathan H. Price
Amphenol,Richard Adam Norwitt
Magna International,Seetarama Kotagiri
Great Wall Motor,Feng Mu
Jardine Matheson,John Raymond Witt
Warner Bros. Discovery,David M. Zaslav
CIMB Group Holdings,Abdul Rahman bin Ahmad
O'Reilly Automotive,Brad W. Beckham
Asr Nederland,Jos P. M. Baeten
Daiichi Sankyo,Sunao Manabe
Tenaris,Paolo Rocca
Constellation Brands,William A. Newlands
GE Vernova,
Continental,Nikolai Setzer
Samsung SDI,Yoon-Ho Choi
Huaneng Power International,Ke Yu Zhao
Hindalco Industries,Satish P. Pai
Banco de Sabadell,César González-Bueno
Bank of Ireland,Myles O’Grady
Aeon,
Sumitomo Mitsui Trust,Toru Takakura
Walgreens Boots Alliance,Timothy C. Wentworth
NEC,Takayuki Morita
Idemitsu Kosan,Shunichi Kito
Vistra Energy,
W. R. Berkley,Robert Berkley
Corteva,Charles V. Magro
Lincoln National,Ellen Gail Cooper
WEC Energy Group,Scott J. Lauber
Singapore Airlines,Choon Phong Goh
Hikvision,Yang Zhong Hu
Mitsubishi Estate,Atsushi Nakajima
Coupang,Bom Kim
Li Auto,Xiang Li
ServiceNow,Bill McDermott McDermott
Samsung Fire & Marine,Munhwa Lee
China Hongqiao Group,Bo Zhang
Cincinnati Financial,Stephen M. Spray
KeyCorp,Christopher M. Gorman
Block,Jack Patrick Dorsey
PulteGroup,Ryan R. Marshall
Saudi British Bank,Tony Cripps
JFE Holdings,Koji Kakigi
Korea Electric Power,
Banco BPM,Giuseppe Castagna
Omnicom Group,John D. Wren
EnBW Energie Baden-Wurttemberg,Georgios Nikolaos Stamatelopoulos
ACS Actividades de Construccion y Servicios,Juan Santamaría Cases
WW Grainger,Donald G. Macpherson
BOE Technology Group,
Equinix,Adaire Fox-Martin
Nippon Yusen,Takaya Soga
Emaar Properties,
Kuehne & Nagel International,Stefan Paul
KLA,Rick Wallace
Porsche Automobil Holding,Hans Dieter Pötsch
Crown Castle International,Steven J. Moskowitz
Eiffage,Benoît de Ruffray
Sekisui House,Yoshihiro Nakai
Las Vegas Sands,Robert Glen Goldstein
Alcon,David J. Endicott
VICI Properties,Edward Baltazar Pitoniak
Simon Property Group,David E. Simon
Genuine Parts,William P. Stengel
Renesas Electronics,Hidetoshi Shibata
Verbund,Michael Strugl
China Resources Power,Ru Ge Li
Fidelity National Financial,Michael J. Nolan
eBay,Jamie Iannone
Volvo Car,James Rowan
LG Electronics,Joo-wan Cho
Emerson Electric,Surendralal Lanca Karsanbhai
Palo Alto Networks,Nikesh Arora
Assa Abloy,Nico Delvaux
Keyence,Akinori Yamamoto
Sumitomo Electric,Masayoshi Matsumoto
Siemens Energy,Christian Bruch
Steel Dynamics,Mark D. Millett
Grasim Industries,Hari Krishna Agarwal
Aluminum Corp of China,Run Zhou Zhu
Ashtead Group,Brendan Horgan
Sika,Thomas Hasler
Huatai Securities,Yi Zhou
AIB Group,Colin Hunt
Meritz Financial Group,Yong-Beom Kim
Hong Kong Exchanges,Yiting Chan
Fortis (Canada),David G. Hutchens
Targa Resources,Matthew J. Meloy
Ryanair Holdings,Michael O’Leary
3i Group,
Roper Technologies,Laurence Neil Hunn
VakifBank,Abdi Serdar Üstünsalih
Chongqing Changan Auto,Hua Rong Zhu
MGM Resorts,William Joseph Hornbuckle
RenaissanceRe Holdings,Kevin J. O'Donnell
Huishang Bank,Ren Fu Zhang
HCLTech,Chinnaswamy Vijayakumar
Molina Healthcare,Joe Zubretsky
Neste,Matti Lehmus
Thomson Reuters,Steve Hasker
Aegon,Eilard Friese
Bancolombia,Juan Carlos Mora Uribe
ASE Technology Holding,Hung Pen Chang
Rongsheng Petrochemical,Jiong Jiong Xiang
Resona Holdings,Masahiro Minami
Jabil Circuit,Michael Dastoor
Grupo Inbursa,Javier Foncerrada Izquierdo
Biogen,Christopher A. Viehbacher
Daqin Railway,Hong Chen Han
The Estée Lauder Companies,Fabrizio Freda
Suncorp Group,Steve Johnston
SSE,Paul Morton Alistair
Murata Manufacturing,Tsuneo Murata
Celanese,Lori J. Ryerkerk
TransDigm Group,Kevin M. Stein
Beijing-Shanghai High-Speed Railway,Chang Hong Shao
Newmont,Thomas Palmer
Tyson Foods,Donnie D. King
Ageas,Hans de Cuyper
Nidec,Mitsuya Kishida
Zoetis,Kristin C. Peck
CK Asset Holdings,Tzar Kuoi Li
H&M - Hennes & Mauritz,Daniel Ervér
Public Bank,Ah Lek Tay
TELUS,Darren Entwistle
Sampo,Torbjörn Magnusson
Best Buy,Corie Sue Barry
Galp Energia,Filipe Crisóstomo Silva
Shanghai Rural Commercial Bank,
WTW,Carl Aaron Hess
Intuitive Surgical,Gary S. Guthart
Otsuka Holding,Tatsuo Higuchi
Unum Group,Rick McKenney
Universal Music Group,Lucian C. Grainge
The Hershey Company,Michele G. Buck
Otis Worldwide,Judith F. Marks
Digital Realty Trust,Andrew P. Power
Quanta Services,Earl C. Austin
SM Investments,Frederic Cuyegkeng DyBuncio
CDW,Christine A. Leahy
Grupo Bimbo,Rafael Pamias
Realty Income,Sumit Roy
ITC,Sanjiv Puri
ZTE,Zi Yang Xu
T&D Holdings,Kenji Nakagome
Essity,Carl Magnus Groth
Fox,Lachlan Keith Murdoch
Alinma Bank,Abdullah Ali Al Khalifa
Joint Stock Commercial Bank for Foreign Trade of Vietnam,Dung Quang Pham
Mega Financial Holding,Kuang Hua Hu
HF Sinclair,Timothy Go
American Airlines Group,Robert D. Isom
Carnival Corporation,Josh Weinstein
MTR,Chak Pui Kam
Trip.com Group,Jie Sun
Unipol Gruppo,Matteo Laterza
BPER Banca,Gianni Franco Papa
Hilton Worldwide Holdings,Christopher J. Nassetta
Chipotle Mexican Grill,Brian R. Niccol
Power Grid of India,Ravindra Kumar Tyagi
Mapfre,Antonio Huertas Mejías
Fresenius,Michael Sen
CLP Holdings,Tung Keung Chiang
JBS,Gilberto Tomazoni
Mitsubishi UFJ Lease,Daiki Kui
Geely Automobile Holdings,Sheng Yue Gui
Kasikornbank,Kattiya Indaravijaya MBA
Tata Steel,Thachat Viswanath Narendran
Leonardo,Roberto Cingolani
Ameren,Martin J. Lyons
CenterPoint Energy,Jason P. Wells
Cintas,Todd M. Schneider
Daiwa Securities,Akihiko Ogino
Rogers Communications,Anthony Staffieri
China Taiping Insurance,Zhao Jun Yin
Microchip Technology,Ganesh Moorthy
Motorola Solutions,Gregory Q. Brown
TD SYNNEX,Richard T. Hume
Builders FirstSource,David E. Rush
Tohoku Electric Power,Makoto Kaiwa
Corning,Wendell P. Weeks
Credicorp,Gianfranco Piero Ferrari de las Casas
Eletrobrás,Ivan de Souza Monteiro
SK,"Tae-Won Chey, Dong-Hyun Jang"
Kuaishou Technology,Yi Xiao Cheng
Mitsui OSK Lines,Takeshi Hashimoto
Mazda Motor,Akira Marumoto
Sandvik,Stefan Widing
Super Micro Computer,Charles Liang
Tractor Supply,Harry A. Lawton
Flex,Revathi Advaithi
Woolworths,Bradford Banducci
Southwest Airlines,Robert E. Jordan
Jiangxi Copper,Shaobing Zhou
HAL Trust,Jaap N. van Weichen
Philips,Roy Jakobs
PPL,Vincent Sorgi
Workday,Carl M. Eschenbach
Tenaga Nasional,Megat Jalaluddin Hassan
Public Storage,Joseph D. Russell
Mitsubishi Chemical,Manabu Chikumoto
Mediobanca,Alberto Nicola Nagel
Lululemon Athletica,Calvin R. McDonald
Interactive Brokers Group,Milan Galik
Longi Green Energy Technology,Zhen Guo Li
Kyocera,
CP All,
Absa Group,Arrie Rautenbach
Jackson Financial,
Sabanci Holding,Cenk Alper
Henderson Land,"Ka Kit Lee, Ka Shing Lee"
BDO Unibank,Nestor V. Tan
Chongqing Rural Bank,Jian Zhong Liu
TCL,Dong Sheng Li
NASDAQ,Adena T. Friedman
Isuzu Motors,Zhao Jun Yin
Phoenix Group Holdings,Andrew David Briggs
SDIC Power Holdings,Haimiao Yu
Sumitomo Realty,Junji Takashima
Quinenco,José Francisco Pérez Mackenna
Mizrahi Tefahot Bank,Moshe Lari
Evergreen Marine Corp. (Taiwan),
Greenland Holdings Group,
Adidas,Bjørn Gulden
Banca MPS,Luigi Lovaglio
Ford Otosan,Güven Özyurt
Sichuan Road & Bridge,
East Money Information,Li Kun Zheng
Aisin Seiki,Kanshiro Toyoda
Guotai Junan Securities,Hong Bo Shang
Commercial Bank For Investment & Development Of Vietnam,Lam Ngoc Le
Dubai Islamic Bank,Adnan Abdul Shakoor Chilwan
Arista Networks,Jayshree V. Ullal
IndusInd Bank,Sumant Kathpalia
Westinghouse Air Brake Technologies,Rafael O. Santana
Monster Beverage,Rodney Cyril Sacks
Jeronimo Martins,Pedro Manuel de Castro Soares dos Santos
Dollar Tree,Richard W. Dreiling
ON Semiconductor Corp.,Hassane El-Khoury
Ovintiv,Brendan M. McCracken
Hanwha,
Naver,Soo-Yeon Choi
Suzano,Walter Schalka
Expedia Group,Ariane Gorin
Telkom Indonesia,Ririek Adriansyah
Tokyo Gas,Shinichi Sasayama
China National Building,Zhi Ping Song
Fidelity National Information (FIS),Stephanie L. Ferris
Saudi Arabian Mining,
CMS Energy,Garrick J. Rochow
Martin Marietta Materials,C. Howard Nye
AES,Andrés Ricardo Gluski Gluski
Bank Of Chengdu,Tao Wang
Indian Railway Finance,Uma Ranade
Legend Holding,Peng Li
Muyuan Foodstuff,Ying Lin Qin
DuPont De Nemours,Lori D. Koch
Wipro,Srinivas Pallia
Delta Electronics,
Mashreq Bank,Ahmed Mohammed Abdelaal
Molson Coors Brewing,Gavin D. K. Hattersley
GAIL India,Sandeep Kumar Gupta
Moody's,Robert Scott Fauber
Restaurant Brands International,Joshua Arthur Kobza
Eversource Energy,Joseph R. Nolan
Bank Pekao,Leszek Skiba
Teva Pharmaceutical,Richard Francis
Db Insurance,Jeong-Nam Kim
Legrand,Benoît Coquart
Rakuten,Hiroshi Mikitani
Conagra Brands,Sean M. Connolly
Kellanova,Steven A. Cahillane
Schindler Holding,Silvio Napoli
Air France-KLM,Benjamin M. Smith
TBEA,
Bank Negara Indonesia,Royke Tumilaar
Welltower,Shankh S. Mitra
Ericsson,Erik Börje Ekholm
Indian Bank,Shanti Lal Jain
DSM-Firmenich,
Waste Connections,Ronald J. Mittelstaedt
Techtronic Industries,Steven P. Richman
Raizen,
Anta Sports Products,Shi Zhong Ding
Kyushu Electric Power,Masayoshi Nuki
Kone,Philippe Delorme
Semiconductor Manufacturing International,"Mong Song Liang, Hai Jun Zhao"
Itaúsa,Alfredo Egydio Setubal
Halkbank,Osman Arslan
MOL Hungarian Oil,"Zsolt Hernádi, József Molnár"
China Reinsurance Group,Chunlei He
Formosa Petrochemical,
Vedanta Limited,Sunil Duggal
Ferrari,Benedetto Vigna
Shanghai International Port,Jun Yan
Reliance Steel,Karla Renee Lewis
Yuanta Financial Holding,Chien Weng
NVR,
Penske Automotive,Roger S. Penske
St. James's Place,
China Bohai Bank,
China Three Gorges Renewables (Group),Long Zhang
Tongwei,Shu Qi Liu
SCB X Public Company,Arthid Nanthawithaya
Vestas Wind Systems,Henrik Andersen
KE Holdings,
Dassault Systemes,Pascal Daloz
DiDi Global,
SK Innovation,Sang-Kyu Park
CGI,George D. Schindler
American Water Works,M. Susan Hardwick
Textron,Scott C. Donnelly
Pembina Pipeline,J. Scott Burrows
Banque Saudi Fransi,Bader Al Salloom
Fosun International,Chen Qiyu Xu Xiaoliang
Zimmer Biomet,Ivan Tornos
Bangkok Bank,
China National Chemical,Gang Wen
Yum! Brands,David W. Gibbs
Lithia Motors,Bryan B. DeBoer
Aena,Maurici Lucena Betriu
Lonza Group,Albert M. Baehny
Synopsys,Sassine Ghazi
United Microelectronics,
Uni-President,
China Cinda Asset Management,Jian De Gong
Nongfu Spring,Shan Shan Zhong
Scor,Thierry Léger
E.Sun Financial,Yung-Jen Huang
Rockwell Automation,Blake D. Moret
Santos,Kevin Thomas Gallagher
Kirin Holdings,Yoshinori Isozaki
Snam,Stefano Venier
Abu Dhabi Islamic Bank,
KT,Young-Sub Kim
Air Canada,Michael Stewart Rousseau
CarMax,Bill Nash
Dover,Richard Joseph Tobin
Zhejiang Zheneng Electric Power,Wei Min Liu
Sunac China Holdings,Meng De Wang
Ferrovial,Ignacio Madridejos Fernández
PBF Energy,Matthew C. Lucey
Sanlam,Paul Brendan Hanratty
Ulta Beauty,Dave Kimbell
Yamaha Motor,Yoshihiro Hidaka
All Nippon Airways,Shinya Katanozaka
Viatris,Scott Andrew Smith
Chunghwa Telecom,Chao Yang Lin
Live Nation Entertainment,Michael Rapino
Arab National Bank,Obaid bin Abdullah
Coles Group,Leah Weckert
XCMG Construction Machinery,
GS Holdings,Soon-Ki Hong
Franklin Resources,Jenny Johnson
Ametek,David A. Zapico
Extra Space Storage,Joseph D. Margolis
East West Bancorp,Dominic Ng
Flutter Entertainment,Jeremy Peter Jackson
First Financial Holding,Fen Len Chen
Electronic Arts,Andrew P. Wilson
Experian,Brian Jude Cassin
Beiersdorf,Vincent Warnery
Nippon Paint,Masaaki Tanaka
Avis Budget Group,Joseph A. Ferraro
Edwards Lifesciences,Bernard J. Zovighian
Agilent Technologies,Padraig Mcdonnell
Shenzhen Mindray Bio-Medical Electronics,Hao Wu
Brookfield Reinsurance,
Givaudan,Gilles Andrier
Fastenal,Daniel Lars Florness
Vienna Insurance Group,Hartwig Georg Löger
Brookfield Renewable,
Qatar Islamic Bank,Bassel Gamaludin Mohamed Ali
Globalfoundries,Thomas Caulfield
Jinko Solar,
China Resources Pharmaceutical Group,Xiao Song Bai
HD HYUNDAI,
International Flavors & Fragrances,Jon Erik Fyrwald
Adani Power Limited,
Eurobank Ergasias,
Shaanxi Construction Engineering Group,
Voya Financial,Heather Lavallee
Sany Heavy Industry,Hongfu Yu
Bank of India,Rajneesh Karnatak
Dick's Sporting Goods,Lauren R. Hobart
Bank of Changsha,Xiao Zhong Zhao
Luzhou Lao Jiao,Feng Lin
Israel Discount Bank,Avi Levi
China Development Financial,Stefano Paolo Bertamini
Adani Enterprises,Rajesh Shantilal Adani
T Rowe Price,Rob Sharps
Paychex,John Bradley Gibson
Shanghai Construction,"Jia Jun Bian, Junichi Goishi"
Greentown China Holdings,Jia Feng Guo
Orsted,Mads Nipper
Shanxi Xinghuacun Fen Wine Factory,
Paramount,Christopher D. McCarthy
Arca Continental,Arturo Gutiérrez Hernández
Wuchan Zhongda Group,Hong Jiong Song
Baxter International,Joe E. Almeida
Copart,Jeffrey Liaw
Shanghai Pharmaceuticals,Da Wei Liu
China CSSC Holdings,
Darden Restaurants,Ricardo Cardenas
LPL Financial Holdings,Dan Hogan Arnold
Jacobs Solutions,Robert Venkat Pragada
Guosen Securities,Deng Ge
Vonovia,Rolf Buch
National Bank of Greece,Paul K. Mylonas
GF Securities,Li Qin
Hua Nan Financial,Yao qing Li
WestRock,David B. Sewell
Coterra Energy,Thomas E. Jorden
EXOR,John Jacob Philip
SBI Holdings,Yoshitaka Kitao
Hormel Foods,James P. Snee
Nedbank,Jason P. Quinn
M&G,
Vulcan Materials,J. Thomas Hill
WPP,Mark Julian Read
Cadence Design,
AvalonBay Communities,Benjamin W. Schall
Ternium,Máximo Vedoya
Antofagasta,Iván Arriagada Herrera
China Merchants Securities,Jian Tao Xiong
Spotify Technology,Daniel Ek
Grupo Carso,Antonio Gómez Garcia
Osaka Gas,Zheng Hai Zhang
Interpublic Group,Philippe Krakowsky
Kaspi.kz JSC,
APA,John J. Christmann
WH Group,Gordon Lijun Guo
Agnico Eagle Mines,Ammar Al-Joundi
J Sainsbury,Simon John Roberts
Julius Baer Group,Nic Dreckmann
Ingersoll Rand,Vicente Reynal
WEG,Alberto Yoshikazu Kuba
Euronext,Stéphane Boujnah
US Steel,David B. Burritt
Taiwan Cooperative Financial,Mei Tsu Chen
Toll Brothers,Douglas C. Yearley
Arrow Electronics,Sean J. Kerins
Western Digital,David V. Goeckeler
The Mosaic Company,Bruce M Bodine
Fortinet,Ken Xie
ENN Natural Gas,
Kajima,
ENN Energy Holdings,Yu Ying Zhang
Acciona,José Manuel Entrecanales Domecq
UPM-Kymmene,Massimo Reynaudo
Guangzhou Automobile Group,Xing Ya Feng
DaVita,Javier J. Rodriguez
CNPC Capital,Yao Zhong Lu
Constellation Software,Mark Leonard Leonard
Hoya,Eiichiro Ikeda
Banca Mediolanum,Massimo Antonio Doris
Amcor,Peter Konieczny
Xylem,Matthew F. Pine
Marathon Oil,Lee M. Tillman
International Paper,Andrew K. Silvernail
El Puerto de Liverpool,Graciano Francisco Guichard Gonzlez
EMCOR Group,Anthony J. Guzzi
Old Dominion Freight Line,Kevin Marty Freeman
Vibra Energia,
ICON (Ireland),Stephen A. Cutler
US Foods,David E. Flitman
Hexagon,Paolo Guglielmini
Top Frontier Investment Holdings,Ramon S. Ang
Weyerhaeuser,Devin W. Stockfish
Atmos Energy,John Kevin Akers
Terna,Giuseppina di Foggia
Assurant,Keith Warner Demmings
Cathay Pacific Airways,Siu Por Lam
Korea Gas,Hee-Bong Chae
LKQ,Dominick Paul Zarcone
XP,Thiago Maffra
Asustek Computer,S.Y. Hsu Samson Hu
Telecom Italia,Pietro Labriola
Industrivarden,Helena Stjernholm
Echostar,
Krung Thai Bank,
Vivendi,Arnaud Roy de Puyfontaine
Cemex,Fernando Angel González Olivieri
NARI Technology Development,
China Tourism Group Duty Free,Zhu Jun Chang
Equity Residential,Mark J. Parrell
Prysmian,Massimo Battaini
Garmin,Clifton Albert Pemble
MSCI,Henry A. Fernandez
Japan Exchange Group,Hiromi Yamaji
Owens Corning,Brian D. Chambers
Sun Pharma Industries,Dilip Shantilal Shanghvi
Amadeus IT Group,Luis Maroto Camino
Wolters Kluwer,Nancy McKinstry
Bankinter,Gloria Ortiz Portero
American Financial Group,"Carl Henry Lindner, III, S. Craig Lindner, Jr."
SK Telecom,Young Sang Ryu
Investec,Fani Titi
Chow Tai Fook Jewellery,Siu Kee Wong
Fortive,James A. Lico
Sunshine Insurance Group,
First Horizon,D. Bryan Jordan
Rexel,Guillaume Jean Philippe
Ball,Daniel W. Fisher
Caesars Entertainment,Thomas R. Reeg
Howmet Aerospace,John C. Plant
SMC,Yoshiki Takada
ThyssenKrupp Group,Miguel Ángel López Borrego Borrego
Banco Comercial Portugues,Miguel Maya Dias Pinheiro
Attijariwafa Bank,Mohamed El Kettani
YPF,
Stanley Black & Decker,Donald Allan
SQM,Ricardo Ramos Rodríguez
Mitsubishi Motors,Takao Kato
CJ Corporation,"Hong-Gi Kim, Keun-Hee Park"
China Galaxy Securities,Liang Chen
West Japan Railway,Kazuaki Hasegawa
Chugoku Electric Power,Tomohide Karita
Telenor,Sigve Brekke
Universal Health Services,Marc Daniel Miller
Metro,Eric Richer Flèche
Partners Group Holding,David Layton
Hydro One,David Lebeter
China Southern Airlines,Xu Lun Ma
Bayan Resources,Tuck Kwong Low
Vietin Bank,Binh Minh Tran
Olympus,Stefan Kaufmann
StoneX Group,
Yum China Holdings,Joey Wat
Korean Air,"Won-Tae Cho, Gi-Hong Woo"
Autodesk,Andrew Anagnost
Towngas,Wai Yee Wong
WESCO International,John J. Engel
Westlake Chemical,Yuan Chao
Shenzhen Transsion Holding,Zhao Jiang Zhu
Williams-Sonoma,Laura Jean Alber
J.B. Hunt Transport Services,John N. Roberts
Smurfit Kappa Group,Anthony Paul James Smurfit
Jyske Bank,Lars Stensgaard Mørch
Cellnex Telecom,Marco Emilio Angelo
Seazen Group,Xiao Ping Lü
Forvia,Patrick Koller
InterGlobe Aviation,Peter T. M.
AutoNation,Michael Mark Manley
IDEXX Laboratories,Jonathan J. Mazelsky
Sodexo,Sophie Clamens
Dassault Aviation,Éric Trappier
Grupo De Inversiones Suramericana,
Oriental Land,Yumiko Takano
Adani Ports & Special Economic Zone,Ashwani Gupta
Piraeus Financial Holdings,Christos Ioanni Megalou
Performance Food Group,George L. Holm
Webster Financial,John R. Ciulla
iA Financial Corporation,Denis Ricard
Gerdau (Cosigua),
Brenntag,Christian Kohlpaintner
Hunan Valin Steel,Jian Yu Li
Kobe Steel,Mitsugu Yamaguchi
Quest Diagnostics,James E. Davis
Bunzl,Frank Andre van Zanten
GoDaddy,Amanpal S. Bhutani
Compagnie de l'Odet,Vincent Marie Claude
Pan Pacific International Holdings,Naoki Yoshida
AntarChile,Andrés Lehuedé Bromley
Astellas Pharma,Naoki Okamura
Huadian Power International,Bin Chen
Swatch Group,Georges Nicolas Hayek
Randstad N.V.,Alexander M. van't Noordende
Origin Energy,Frank Calabria
Jiangsu Eastern Shenghong,
ResMed,Mick Farrell
BCI-Banco Credito,Eugenio von Chrismar
Jiangsu Yanghe Brewery,Yu Zhong
Bank Of Guiyang,Zong Quan Chen
Norsk Hydro,Eivind Kallevik
Zhongyuan Bank,Dou Rongxing
Vipshop Holdings,Ya Shen
SinoPac Financial,Shih Ting Chu
Industries Qatar,
Grupo Galicia,Fabián Enrique Kon
Csc Financial,Chang Qing Wang
Datang International Power,Yong Pan Liang
Pegatron,
Evolution Gaming Group AB,Martin Olof Carlesund
Keppel,Chin Hua Loh
Olam Group,Sunny George Verghese
S-Oil,Anwar A. Al-Hejazi
A2A,Renato Mazzoncini
China International Capital,Zhao Hui Huang
IDBI Bank,Rakesh Sharma
Dongguan Rural Commercial Bank,
NiSource,Lloyd M. Yates
Helvetia Holding,Fabian Rupprecht
Yuexiu Property,
Bajaj Auto,Rajivnayan Rahulkumar Bajaj
Grupo Aval,Luis Carlos Sarmiento Gutiérrez
BAIC Motor,Wen Bing Huang
Alstom,Henri Poupart-Lafarge
Bâloise Group,Gert de Winter
Masco,Keith J. Allman
Gartner,Eugene A. Hall
Keysight Technologies,Satish C. Dhanasekaran
Evergy,David A. Campbell
Adyen,Pieter van van der Does
Bank of Chongqing,Jun Lin EMBA
Ajinomoto,Taro Fujie
Alpha Bank,Vassilios E. Psaltis
Solventum,
Brown & Brown,J. Powell Brown
Sojitz,Masayoshi Fujimoto
Halyk Bank,Umut Bolatkhanovna Shayakhmetova
Fanuc,Kenji Yamaguchi
Shriram Transport Finance Co.,
Hyundai Marine & Fire,Cheol-Young Lee
Asahi Kasei,Koshiro Kudo
Jefferies Financial,Rich Handler
Labcorp,Adam H. Schechter
Old Mutual,Iain George Williamson
Xiamen International Trade Group,
EQT,Toby Z. Rice
AGCO,Eric P. Hansotia
NetApp,George Kurian
Voestalpine,Herbert Eibensteiner
Verisk Analytics,Lee M. Shavel
Corpay,Ronald F. Clarke
Marfrig Global Foods,Rui Mendonça
Eastman,Mark J. Costa
Western Alliance Bancorp.,Kenneth A. Vecchione
Bank Albilad,Abdul Aziz bin Mohammed Al-Onaizan
Leidos,Thomas A. Bell
PGE Polska Grupa Energetyczna,Dariusz Marzec
China Eastern Airlines,Yang Min Li
Tourmaline Oil,Michael L. Rose
Kerry Group,Edmond Scanlon
Kingspan Group PLC,
Zhongsheng Group Holdings,Guo Qiang Li
Dongfeng Motor Group,
DexCom,Kevin Ronald Sayer
Mettler-Toledo International,Patrick K. Kaltenbach
HBIS,Bin Xu
AGNC Investment,Peter J. Federico
ZTO Express (Cayman),Mei Song Lai
Shanghai Electric Group,Wei Qing Leng
DoorDash,Tony Xu
Tianshan Material,
Campbell Soup,Mark A. Clouse
Marvell Technology,Matthew J. Murphy
Bank of Greece,Konstantinos Panteli Michalidis
Expeditors International,Jeffrey S. Musser
Hyundai Glovis,Kyu-Bok Lee
Storebrand,Odd Arild Grefstad
Brown-Forman,Lawson E. Whiting
Foshan Haitian Flavouring and Food,Pang Kang
Carvana,Ernie Garcia
Wistron,Jian Xun Lin
Alexandria Real Estate Equities,Peter M. Moglia
Beijing Enterprises,Bin Xiong
Coca-Cola HBC,Zoran Bogdanovic
Rheinmetall,Armin Papperger
Gemdale,Rong Hui Li
First Solar,
Evonik Industries,Christian Kullmann
Terumo,Hikaru Samejima
Robinhood Markets,
BJ's Wholesale Club,Robert W. Eddy
Borouge,
Bank of Suzhou,Qiang Wang
Solvay,Philippe Kehren
Comerica,Curtis Chatman Farmer
Wuxi Apptec,"Edward Hu, Ge Li"
Far East Horizon,Fan Xing Kong
Xiamen Xiangyu,
Ares Management,Michael J. Arougheti
TUI,Sebastian Ebel
Epiroc,Helena Hedblom
Metropolitan Bank & Trust,Fabian S. Dee
Shopify,Tobias Albin Lütke
Next,Simon Adam Wolfson
Church & Dwight,Matthew Thomas Farrell
E-mart,Chae-Yang Han
Akzo Nobel,Greg Poux-Guillaume Poux-Guillaume
Rede D'Oro Luiz,Paulo Junqueira Moll
Obayashi,Takeo Obayashi
STRABAG,Klemens Haselsteiner
Grupo Elektra,Ricardo Benjamín Salinas
Valeo,Christophe Périllat-Piratoine EMBA
Galaxy Entertainment,Che Woo Lui
Qantas Airways,Vanessa Hudson
Bawag Group,Anas Abuzaakouk
ACWA Power,
Aristocrat Leisure,Trevor J. Croker
Packaging Corp of America,Mark W. Kowlzan
Zions Bancorp,Harris H. Simmons
FinecoBank,Alessandro Foti
China Mengniu Dairy,Fei Gao EMBA
Broadridge Financial,Tim Gokey
Aramark,John J. Zillmer
Lindt & Sprungli,Adalbert Lechner
Veralto,
Qilu Bank,
Jiangsu Hengrui Medicine,Hong Bin Dai
Hyundai Steel,Gang Hyun Seo
Teledyne Technologies,Edwin Roks
Tokyo Century,Toshihito Tamba
BBMG,Yu Gu
China Jinmao,Tian Hai
Coloplast,Kristian Villumsen
Shin Kong Financial,Olivia Wu
Roivant Sciences,
Carlsberg,Jacob Aarup-Andersen
McCormick,Brendan M. Foley
China Steel,Hsi Chin Wang
Shimao Property Holdings,Wing Mau Hui
Banque Cantonale Vaudoise,Pascal Kiener
Ag Anadolu Grubu Holding Anonim Sirketi,
Asian Paints,Amit Syngle
Wens Foodstuff Group,Ju Ran Yan
Credito Emiliano,Roberto Frignani
China Merchants Expressway Network & Technology Holdings,
Annaly Capital Management,David L. Finkelstein
Latam Airlines,Roberto Alvo Milosawlewitsch
Dollarama,Neil George Rossy
Hong Leong Financial,Kong Khoon Tan
Chongqing Zhifei Biological Products,Ren Sheng Jiang
China Nuclear Engineering Corporation,Xiong Biao Dai
Murphy USA,R. Andrew Clyde
Bank of Tianjin,Philip Eric Rene
HPB,
Trina Solar,
Hotai Motor,
Korea Shipbuilding & Offshore Engineering,Sung-joon Kim
Aeroports de Paris,Augustin Pascal de Romanet de Beaune
China Resources Gas Group,Ping Yang
Motor Oil,Ioannis Vardi Vardinoyannis
Lumen Technologies,Kate E. Johnson
CF Industries Holdings,Tony Will
RHB Bank,Mohd Rashid Mohamad
CJ Cheiljedang,"Shin-Ho Kang, Hyun-Jae Shin"
DISCO Corp.,Kazuma Sekiya
Avery Dennison,Deon M. Stander
China Shipbuilding Industry,Liang Wang
BNK Financial Group,Ji-Wan Kim
Casey's General Stores,Darren M. Rebelez
Huntington Ingalls Industries,Christopher D Kastner
Sandoz Group,
Guangdong Haid Group,Hua Xue
Lamb Weston Holdings,Tom Werner
LG Display,Cheol-Dong Jeong
New World Development,"Chi Kong Cheng, Kar-Shun Cheng"
Zhuhai Huafa Properties,
JDE Peet's,Luc Emile Rene Vandevelde
Rithm Capital,Michael Nierenberg
Unibail-Rodamco-Westfield,Jean-Marie Tritant
Shenwan Hongyuan Group,Hao Huang
Invitation Homes,Dallas B. Tanner
Sumitomo Chemical,Osamu Ishitobi
Toray Industries,Akihiro Nikkaku
Alliant Energy,Lisa M. Barton
Transurban Group,Michelle Jablko
China Communications Services,Zhang Zhiyong
Sinotruk Hong Kong,Bozhi Wang
Commercial Bank of Qatar,
Hubei Biocause Pharmaceutical,
China International Marine,Bo Liang Mai
Secom,Yasuyuki Yoshida
ASM International,Hichem M’Saad
Lundbergs,Lars Fredrik Elis Lundberg
Avnet,Philip R. Gallagher
Kao,Yoshihiro Hasebe
Concordia Financial Group,Yasuyoshi Oya
Globe Life,J. Matthew Darden Frank M. Svoboda
Siam Cement,Thammasak Sethaudom
Deckers Outdoor,Dave Powers
Suntory Beverage & Food,Makiko Ono
WSP,Alexandre J. L'Heureux
Wharf Real Estate Investment,
BIM Birlesik Magazalar,Haluk Dortluoglu
SSAB,
Korea Investment Holdings,Nam-Goo Kim
Hyundai Engineering,Young-Jun Yoon
Charoen Pokphand Foods,Prasit Boondoungprasert
Goodyear,Mark W. Stewart
Military Commercial Joint Stock Bank,Thai Trung Luu
Wintrust Financial,Timothy S. Crane
Jones Lang LaSalle,Christian Ulbrich
Carlisle Cos,
Snap-on,Nicholas T. Pinchuk
Fukuoka Financial Group,Masaaki Tani
CBOE Global Markets,Fredric John Tomczyk
Genmab,Jan G. J. van de Winkel
Booz Allen Hamilton Holding,Horacio D. Rozanski
Advanced Info Service,Somchai Lertsutiwong
BorgWarner,Frédéric B. Lissalde
New York Community Bancorp,Joseph M. Otting
Old Republic International,Craig R. Smiddy
Hubbell,Gerben Wilhelm Marinus Bakker
Lotte Chemical,"Gyo-Hyeon Kim, Byung-Yeon Lim"
Moderna,Stéphane Bancel
Colruyt,Stefan Goethaert
China Longyuan Power,Jian Tang
Hyatt Hotels,Mark Samuel Hoplamazian
Bank of Qingdao,Shao Quan Guo
SGS,Géraldine Picaud
Cleveland-Cliffs,C. Lourenço Gonçalves
Bath & Body Works,Gina R. Boswell
Empire,Michael B. Medline
Ultrapar Participacoes,
Vietnam Technological & Commercial Joint Stock Bank,Jens Lottner
Guangzhou Rural Commercial Bank,Xue Fei Yi
LG,Kwang-Mo Koo
Check Point Software,Gil Shwed
CIFI Holdings Group,Hai Lin Ru
Bank of Guizhou,
VeriSign,D. James Bidzos
Vertiv Holdings,Giordano Albertazzi
Ningxia Baofeng Energy Group,Yuan Guan Liu
Stora Enso,Hans Mikael Sohlström
KPN,Joost F. E. Farwerck
Shenzhen Inovance Technology,Xing Ming Zhu
Chiba Bank,Hidetoshi Sakuma
China Development Bank Financial Leasing,Xue Dong Wang
First Pacific,Manuel Velez Pangilinan
Prada,Andrea Guerra
Albemarle,Jerry Kent Masters
Cosmo Energy Holdings,Shigeru Yamada
Equifax,Mark W. Begor
AppLovin,Adam Foroughi
Knorr-Bremse,Marc Llistosella
Grupo Bolivar,
Brighthouse Financial,Eric Thomas Steigerwalt
Bank of East Asia,"Man Bun Li, Man Kiu Li"
Schaeffler,Klaus Rosenfeld
Japan Airlines,Mitsuko Tottori
AECOM,W. Troy Rudd
Shionogi,Isao Teshirogi
Unicharm,Takahisa Takahara
Taishin Financial Holdings,Welch Lin
Bandai Namco Holdings,Masaru Kawaguchi
Geberit,Christian Buhl
Veeva Systems,Peter P. Gassner
"Hangzhou Binjiang Real Estate Group Co., Ltd.",Hui Ming Zhu
CrowdStrike,George P. Kurtz
"Sumitomo Forestry Co.,",Ryu Yano
Anhui Gujing Distillery,Qing Wu Zhou
News Corp,Robert James Thomson
Banca Popolare di Sondrio,Mario Alberto Pedranzini
SS&C Technologies,William Charles Stone
Ventas,Debra A. Cafaro
Wheaton Precious Metals,Randy Vernon Joseph Smallwood
CPFL Energia,Gustavo Estrella
MTN Group,Ralph Tendai Mupita
Skyworks Solutions,Liam K. Griffin
Sime Darby,Jeffri Salim Davidson
Group 1 Automotive,Daryl A. Kenningham
Dr. Sulaiman Al-Habib Medical Services Group,
Nan Ya Plastics,
PTT Global Chemical,
Sasol,Simon Baloyi
Genworth Financial,Thomas J. McInerney
Macy's,Antony Spring
Falabella,Alejandro González Dale
Fuyao Glass Industry Group,Shu Ye
U-Haul Holding,Edward Joe Shoen
Tata Power Company,
West Pharmaceutical Services,
World Fuel Services,Michael J. Kasbar
Goodman Group,Gregory Leith Goodman
United Therapeutics,Martine A. Rothblatt
Banca Transilvania,Omer Tetik
Qinghai Salt Lake Industry,Kang Min Xie
Shengjing Bank,Zhang Qiyang
Cadence Bank,James D. Rollins
NAURA Technology GroupLtd,Hai Hong Tao
Wynn Resorts,Craig S. Billings
Brambles,Graham Andrew Chipchase
Chesapeake Energy,Nick Dell’Osso
Iveco Group,
Mebuki Financial Group,Satoshi Fujisawa
Royalty Pharma,Pablo Gerardo Legorreta
Sonova Holding,Arnd Kaldowski
Chailease Holding,
Shanghai Commercial & Savings Bank,
Bank OZK,George Gleason
China Huarong Asset Management,Keki M. Mistry
Popular,Ignacio Alvarez
Fair Isaac,
Chang Hwa Bank,
Zoom Video Communications,Eric S. Yuan
InterContinental Hotels,Elie W. Maalouf
HMM,
Migdal Insurance,Yossi Ben Baruch
Shizuoka Financial Group,
Titan (India),Venkataraman Coimbatore
Waters,Udit Batra
Moncler SpA,Remo Ruffini
Shenzhen Overseas,Xiao Wen Wang
Old National Bank,James C. Ryan
Rajesh Exports,
Snowflake,Sridhar Ramaswamy
TMBThanachart Bank,Piti Tantakasem
Whirlpool,Marc Robert Bitzer
Watsco,Albert H. Nahmad
Hellenic Petroleum,Andreas Nikolaos Shiamishis
Cullen/Frost Bankers,Phillip D. Green
Harbin Bank,Zhi Wen Guo
Alfa Laval,Tom Erixon
FCC,
Doosan,"Hyeon-Su Dong, Min-Cheol Kim"
Emera,Scott Carlyle Balfour
China Resources Beer (Holdings),Xiao Hai Hou
Commercial Bank Dubai,Bernardus van Linder
JM Smucker,Mark T. Smucker
RPM International,Frank C. Sullivan
Pinnacle Financial Partners,Terry Turner
AviChina Industry & Technology,Ji Zhong Sun
Virgin Money UK,David Joseph Duffy
C.H. Robinson,David P. Bozeman
Hokuhoku Financial Group,Eishin Ihori
NOV,
Unicaja Banco,Isidro Rubiales Gil
Chandra Asri Petrochemical,Erwin Ciputra
Stifel Financial,Ronald James Kruszewski
Haitong Securities,Jun Li
Gen Digital,Vincent Pilette
Covestro,Markus Steilemann
Metro Group,Steffen Greubel
Inner Mongolia Baotou Steel,Zhigang Liang
Palantir Technologies,Alexander Caedmon Karp
Asbury Automotive Group,David W. Hult
Fortum,Markus Heikki Erdem Rauramo
Mirae Asset Financial Group,Mi-Seob Kim
Ayala Corp,Cezar Peralta Consing
Atlassian,"Michael Cannon, Scott Farquhar"
Jio Financial Services,
PT Amman Mineral Internasional,
SLM,Jonathan W. Witter
Trade Desk,Jeff Green
Hachijuni Bank,Masaki Matsushita
New Hope Liuhe,Ming Gui Zhang
SBA Communications,Brendan Thomas Cavanagh
Electric Power Development,Hitoshi Kanno
Autoliv,Mikael Bratt
United Natural Foods,J. Alexander M.
Midea Real Estate Holding,
Anhui Construction Engineering Group,You Gui Li
Compal Electronics,
Avenue Supermarts,Ignatius Navil Noronha
Beijing Shougang,
BAC Holding International,
Synovus,Kevin Blair
DCC,Donal Murphy
Link REIT,Kwok Lung Hongchoy
Japan Securities,Minoru Masubuchi
Iron Mountain,William Meaney
SKF Group,Rickard Gustafson
D'Ieteren,Francis Deprez
Thai Beverage,Thapana Sirivadhanabhakdi
Zheshang Development Group,
Altice USA,Dennis Mathew
Kyushu Financial Group,Takahiro Kai
Nishi-nippon Financial Holdings,
Rakuten Bank,Hiroyuki Nagai
Starwood Property Trust,Barry Stuart Sternlicht
Tapestry,Joanne C. Crevoiserat
UCB,Jean-Christophe Tellier
Monolithic Power Systems,Michael R. Hsing
Bank of Zhengzhou,Xue Qing Shen
Sinotrans Ltd.,Rong Song
Insurance Australia Group,
North Pacific Bank,Mitsuharu Yasuda
Huaibei Mining Holdings,
Lennox International,Alok Maskara
Airports of Thailand,
Cencosud,Rodrigo Larraín Kaplán
Valley National Bancorp,Ira D. Robbins
Formosa Chemicals,
Hirogin Holdings,
Gold Fields,Michael Fraser
Zhejiang Expressway Co. Ltd.,Wei Wu
Columbia Bank,Clint E. Stein
Datadog,Olivier Pomel
Companhia Energetica de Minas Gerais,
Liberty Global,Michael Thomas Fries
W. P. Carey,Jason E. Fox
Yamaguchi Financial,Keisuke Mukunashi
Jiangsu Zhongnan Construction Group,Yu Han Chen
Thai Oil,
B3,Gilson Finkelsztain
Gap,Richard L. Dickson
Novonesis A/S,Ester Baiget
Power Assets Holdings,Chao Chung Tsai
Sumitomo Metal Mining,Nobumasa Kemori
Commercial International Bank,Hussein Majid Abaza
ARC Resources,
Asia Commercial Bank,Toan Minh Do
Shenzhou International Group Holdings,Guan Lin Huang
AGC,Takuya Shimamura
Adecco Group,Denis Machuel
Avolta,Xavier Espel Rossinyol
Graphic Packaging,Michael P. Doss
BayWa,Marcus Pöllinger
Daou Data,
Brookfield Business,
Dai Nippon Printing,
Skechers USA,Robert Greenberg
EQT AB,Christian Otto Sinding
Jiangxi Bank,Xiao Ming Chen
Jiangsu Changshu Rural Commercial Bank,
Heico,Laurans A. Mendelson
Ansys,Ajei S. Gopal
Kyoto Financial Group,Nobuhiro Doi
Skanska,Anders Danielsson
Arab Bank,
Segro,David John Rivers
Incyte,Herve Hoppenot
Crown Holdings,Timothy Joseph Donahue
Seres Group,
Ampol,Matthew Halliday
Medipal Holdings,Shuichi Watanabe
Wuestenrot & Wuerttembergische,Jürgen Albert Junker
Daishi Hokuetsu Financial Group,
CoStar Group,Andrew C. Florance
Jindal Steel & Power,Sabyasachi Bandyopadhyay
Host Hotels & Resorts,James F. Risoleo
Ceconomy,Karsten Wildberger
Eurazeo,Virginie Sarah S.
Hengyi Petrochemical,
LIC Housing Finance,
Adani Green Energy,
DGB Financial Group,Tae-O Kim
Lasertec,
China Grand Automotive Services,
Gunma Bank,Akihiko Fukai
Bajaj Holdings & Investment,
Celltrion,Wu-Sung Ki
"Chugin Financial Group,Inc.",
Bank of Jiujiang,Ming Pan
KION Group,Richard Robinson Smith
Rite Aid,Jeffrey Scott Stein
Orpea,Laurent Guillot
Focus Media Information Technology,Nan Chun Jiang
CTP,
Umicore,Bart Sap
Warner Music Group,
SBI Sumishin Net Bank,Yoshitaka Kitao
Toppan Printing,Hideharu Maro
Everbright Securities,Ji Ping Liu
Parkland,Robert Berthold Espey
Shanghai Tunnel Engineering Co. Ltd.,Wen Bo Zhou
Taiwan Business Bank,Chih Chien Chang
Telia,Patrik Eduard Hofbauer
77 Bank,Hidefumi Kobayashi
Kawasaki Kisen Kaisha,Koichi Myochin
IDEX,Eric D. Ashleman
Indorama Ventures,
Kingfisher,Thierry Garnier
Braskem,Roberto Bischoff
Lotte Shopping,Sung-Hyun Kang
Gaming And Leisure Properties,Peter M. Carlino
Quilter,Steven David Levin
Bendigo & Adelaide Bank,Marnie A. Baker
Daou Technology,
BOK Financial,Stacy C. Kymes
Marks & Spencer,
Berry Global Group,Kevin J. Kwilinski
WPG Holdings,
Shandong Gold Mining,Qin Liu
China Merchants Port Holdings,Song Xu
PT Adaro Energy Indonesia,Garibaldi Thohir
Advantest,Douglas Lefever
Ooredoo Q.P.S.C,
Pandora,Alexander Lacik
Bank of Queensland,Patrick Newton James James
Jinke Property Group,Si Hai Jiang
Air Lease,John L. Plueger
Latour Ab Investment,
Haidilao International Holding,Li Yang
Oshkosh,John C. Pfeifer
Luzerner Kantonalbank,Daniel Salzmann
Akamai Technologies,Tom Leighton
Qingdao Rural Commercial Bank,Zong Bo Liu
South State,John C. Corbett
HubSpot,Yamini Rangan
Domino's Pizza,Russell John Weiner
Nitto Denko,Hideo Takasaki
Carlyle Group,
WT Microelectronics,Wen Tsung Cheng
Zenith Bank,Adaora Remy Umeoji
CP Axtra,Tanin Buranamanit
General Insurance Corporation Of India,Ramaswamy Narayanan
EMS-Chemie Holding,Magdalena Martullo-Blocher
F.N.B.,Vincent J. Delie
Nitori Holdings,Akio Nitori
Bank of Lanzhou,
"LG Innotek Co.,",Moon Hyuk-Soo
Drax Group plc,Dwight Daniel Willard
AVIC Capital,Zhong Cong
Jointown Pharmaceutical Group,Wei He
Yes Bank,Prashant Kumar
Yunnan Copper Co. Ltd.,
Basler Kantonalbank,Basil Heeb
Axis Capital Holdings,Vincent Christopher Tizzio
Bausch Health Companies,Thomas J. Appio
Nova Ljubljanska Banka,Blaž Brodnjak
Zhongliang Holdings,Chun Lei Huang
Pentair,John L. Stauch
CapitaMall Trust,Tony Tan
Samsung SDS,Sung-Woo Hwang
FIBI Holdings,Jacob Sitt
Mondi,Andrew King
RiseSun Real Estate Development,Jia Li Zou
"Iyogin Holdings,Inc.",
Bank of Xi'an,Guo Hong Chen
JB Financial Group,
Mid-america Apartment Communities,H. Eric Bolton
Burlington Stores,Michael B. O'Sullivan
Alfresa Holdings,Hiroyuki Kanome
Pinterest,William J. Ready
Rollins,Jerry E. Gahlhoff
Goneo GroupClass A,
Südzucker,Niels Heinrich Pörksen
Adris grupa d.d. Pref.,
Mobileye Global,
E-L Financial,Duncan N. R.
Logitech International,Hanneke Faber
Navient,David L. Yowan
Grupo Comercial Chedraui SAB de CV Class B,José Antonio Chedraui Eguía
NH Investment & Securities,
Liberty Media Corporation Series A Liberty Formula One,Gregory Ben Maffei
Hertz Global Holdings,Wayne Gilbert West
MicroStrategy,
Fibra Uno,André El-Mann Arazi
Novatek Microelectronics Corp.,
Redeia Corporacion,Roberto Garcia Merino
Samvardhana Motherson International,
Nomura Research Institute,Kaga Yanagisawa
Align Technology,Joseph M. Hogan
Bureau Veritas,Hinda Gharbi
Essex Property Trust,Angela L. Kleiman
JA Solar Technology,
Bluescope Steel,Mark Royce Vassella
Henry Schein,Stanley M. Bergman
Deutsche Pfandbriefbank,Kay Wolf
Hera,Orazio Carmelo Iacono
Harel Insurance Investments & Financial Services,Michel Siboni
KakaoBank,Ho-Young Yun
Pinnacle West,Jeffrey B. Guldner
Founder Securities,Li Gao
Tongling Nonferrous Metals,
Weihai City Commercial Bank,
Bharat Electronics Limited,Bhanu Prakash Srivastava
Ricoh,Akira Oyama
Xiamen Bank,
MongoDB,Dev C. Ittycheria
Phoenix Holdings,
Bank Of Gansu,Xin Li
Cosan,Nelson Roseira Gomes
Zscaler,Jagtar Singh Chaudhry
Bank Muscat,Waleed Khamis Al-Hashar
Manpower,Jonas Prising
Diebold Nixdorf,
Clorox,Linda Rendle
Metalurgica Gerdau,
Snap,Evan Thomas Spiegel
TopBuild,
Dentsu,Hiroshi Igarashi
Orient Securities,Xin Jun Pan
CSPC Pharmaceutical Group,
LS Corp,No-Hyun Myoung
Central Bank of India,Matam Venkat Rao
Yara International,Svein Tore Holsether
Bank of Maharashtra,Nidhu Saxena
Shimizu,Kazuyuki Inoue
Healthpeak Properties,Scott M. Brinker
Kawasaki Heavy Industries,
Tradeweb Markets,William Hult
Hyakugo Bank,Toshiyasu Ito
Indus Towers,Prachur Sah
Kesko,Jorma Antero Rauhala
China Power International Development,Bing Hua Wang
Kakao,Shin-ah Chung
Trelleborg Group,Peter Lennart Nilsson
Steel Authority of India,Anirban Dasgupta
CAPITEC,Gerrie Fourie
First Quantum Minerals,A. Tristan Pascall
Almarai,Abdullah bin Nasser Albader
Aurubis,Roland Harings
Banque Centrale Populaire,
Nexi S.p.A.,Paolo Bertoluzzo
Enstar Group,Dominic Francis Michael Silvester
Shiga Bank,Yoshio Daido
Tryg,
Erie Indemnity,Timothy G. NeCastro
Ramsay Health Care,Craig Ralph McNally
Var Energi ASA,Nicholas Walker
Viva Energy Group,Andrew Scott Wyatt
United Bank for Africa,Oliver Alawuba
Zall Smart Commerce Group,"Zhi Ping Qi, Zhi Yan"
Federal Bank,Shyam Srinivasan
Cloudflare,Matthew Browning Prince
MBH Bank Plc.,
PVH,Stefan Larsson
Aareal Bank,Jochen Klösges
Kohl's,Thomas A. Kingsbury
Samsung Securities,Jong-Moon Park
Momentum Metropolitan Holdings,Jeanette Marais Cilliers
Jinshang Bank,
Take-Two Interactive Software,Strauss H. Zelnick
DLF,Kushal P Singh
Johnson Matthey,Liam Condon
Aozora Bank,Hideto Oomi
Guangzhou Baiyunshan Pharmaceutical Holdings,Hong Li
Teradyne,Gregory Stephen Smith
Mercuries & Associates,Hsiang Li Chen
Rentokil Initial,Andrew M. Ransom
Juroku  Financial Group,Yukio Murase
Franco-Nevada,Paul J. Brink
Daito Trust Construction,Kei Takeuchi
nVent Electric,
Banco Davivienda,Javier José Suárez Esparragoza
Digital China Group,
Informa plc,Stephen Andrew Carter
Jiangxi Zhengbang Technology,Feng Lin
Seagate Technology,William David Mosley
Dr. Reddy's Laboratories,Erez Israeli
Avantor,Michael Stubblefield
St. Galler Kantonalbank,Christian Schmid
Essential Utilities,Christopher H. Franklin
Hanwa,Shuji Kita
Yunnan Baiyao Group,Ming Dong
Bank of Cyprus Holdings,Panicos Nicolaou
San-In Godo Bank,Ichiro Kubota
China Fortune Land Development,
Teleperformance,Daniel Ernest Henri
Inventec,
OneMain Holdings,Douglas H. Shulman
Organon,
FactSet Research Systems,Philip Snow
Varun Beverages,
Steris,Daniel A. Carestio
NIO,Bin Li
Open House,Masaaki Arai
TFI International,
BEKB-BCBE,Armin Brun
Sabesp,André Mendes
Scentre Group,
IHH Healthcare,Prem Kumar Nair
Tokyo Kiraboshi Financial Group,Hisanobu Watanabe
Shanxi Xishan Coal & Electricity Power Co. Ltd.,
Wharf (Holdings),Tin Hoi Ng
Cameco,Tim Gitzel Gitzel
CVR Energy,David L. Lamp
Guangzhou R&F,Li Zhang
Suzuken,Jian Wei Zhang
Logan Property Holdings,Zhuo Bin Lai
Schibsted ASA,Kristin Skogen Lund
Taylor Morrison Home,Sheryl D. Palmer
Barry Callebaut,Peter Feld
NIPPON EXPRESS HOLDINGS,Satoshi Horikiri
FMC,Mark A. Douglas
Ralph Lauren,Patrice Jean Louis Louvet
ALFA,Álvaro Fernández Garza
Commercial Metals,Peter R. Matt
Taisei,Takashi Yamauchi
Hologic,Stephen P. MacMillan
Signet Jewelers,Virginia C. Drosos
Inner Mongolia Yitai Coal,Jia Lin Yang
Masraf Al Rayan,
Saputo,Lino A. Saputo
Samsara,Sanjit Biswas
China Gas Holdings,Ming Hui Liu
EFG International,Piergiorgio G. Pradelli
Zhangzhou Pientzehuang Pharmaceutical,
Sumec Corporation,
Ipsen,David G. Loew
Manila Electric,
Public Power,Georgios Stassis
Cholamandalam Investment and Finance,
Yunnan Yuntianhua,
PTC,Neil Barua
UMB Financial,J. Mariner Kemper
arGEN-X,Tim van Hauwermeiren
Sharp,Po-Hsuan Wu
Kyndryl Holdings,
Lotte,Dong-Bin Shin MBA
Aichi Financial Group,
A.O. Smith,Kevin J. Wheeler
NMDC,Amitava Mukherjee
AltaGas,Vern D. Yu
Cogent Communications,
Axon Enterprise,
Nanto Bank,Takashi Hashimoto
Aier Eye Hospital Group,Li Li
XPO,Mario A. Harik
Toho Bank,Seishi Kitamura
Wisetech Global,Richard John White
Celsius Holdings,
Clal Insurance Enterprises,
Buzzi Unicem,
Canadian Tire Corporation,Greg Hicks
Ingredion,Jim Zallie
Ogaki Kyoritsu Bank,Toshiyuki Sakai
Euronav,
Saudi Investment Bank,
Nordson,Sundaram Nagarajan
H World Group,
Straumann Holding,
Ningbo Jintian Copper (Group),
Abb India,
China Merchants Energy Shipping,
Fluor,David Edward Constable
AmBank Group,Encik Eqhwan Mokhzanee Muhammad
Equatorial Energia,
Uniqa,Andreas Brandstetter
Delivery Hero,L. Niklas Östberg
Kimco Realty,Conor C. Flynn
Puig Brands,
Zhejiang Construction Investment Group,Jin Feng Ye
Keiyo Bank,Toshiyuki Kumagi
Sun Communities,Gary A. Shiffman
Roblox,David B. Baszucki
China Merchants Port Group,
DraftKings,Jason D. Robins
Guangdong Construction Engineering Group,
Angang Steel,Shi Shuai Xu
Sichuan Chuantou Energy,
Vietnam Prosperity Joint-sock Commercial Bank,Vinh Duc Nguyen
Adient,Jerome Dorlack MBA
CapitaLand Investment,Chee Koon Lee
Shanxi Lu'an Environmental,Hong Miao Shi
